{
  "max_depth": 4,
  "learning_rate": 0.028786907756684507,
  "n_estimators": 232,
  "subsample": 0.8903717579950168,
  "colsample_bytree": 0.8568456410378794,
  "min_child_weight": 3.298328704765502,
  "gamma": 2.7911976795370395,
  "scale_pos_weight": 2.23
}